title,artist,emotion,category,lyrics
Heather,Conan Gray,sad,english,"Step on the glass, staple your tongue (ah) / Bury a friend, try to wake up (ah-ah-ah)"
People Watching,Conan Gray,happy,english,And I've been people watchin' / You and your new girlfriend / Both of you smilin'
Astronomy,Conan Gray,sad,english,We drive through the woods / Rich neighborhoods to watch / We joked as we looked
I Love You So,The Walters,love,english,I love you so / Please let me go / I really must go
As It Was,Harry Styles,neutral,english,Holdin' me back / Gravity's holdin' me back / I want you to hold out the palm
I'm Not The Only One,Sam Smith,sad,english,You and me we made a vow / For better or for worse / I can't believe you let me down
All I Want,Olivia Rodrigo,sad,english,All I want is to be fun again / Let me be fun again / I just wanna be fun again
traitor,Olivia Rodrigo,sad,english,It took you two weeks / To go off and date her / Guess you didn't cheat
favorite crime,Olivia Rodrigo,sad,english,All the things I did / Just so I could call you mine / The things you did
happier,Olivia Rodrigo,sad,english,Then I saw you dance with her / And my heart fell on the floor / My cheeks were getting red
drivers license,Olivia Rodrigo,sad,english,I got my driver's license last week / Just like we always talked about
deja vu,Olivia Rodrigo,happy,english,"So when you gonna tell her / That we did that, too? / She thinks it's special"
Glimpse of Us,Joji,sad,english,'Cause sometimes I look in her eyes / And that's where I find a glimpse of us
Memories,Conan Gray,happy,english,And I'm back in the back of the car / With the wind in my hair
Matilda,Harry Styles,calm,english,You can let it go / You can throw a party full of everyone you know
Modern Life,WOOSUNG,calm,english,In this modern life / We're just tryna find / A little peace of mind
Family Line,Conan Gray,sad,english,I hate to be the one to bring it up / But I remember everything
Call Out My Name,The Weeknd,love,english,"I said I didn't feel nothing, baby, but I lied / I almost cut a piece"
Save Your Tears,The Weeknd,sad,english,I saw you dancing in a crowded room / You look so happy when I'm not
Die For You,Joji,love,english,I would die for you / I would lie for you / Keep it real with you
Prom Queen,Beach Bunny,anxious,english,I'm not cut out for prom queen / I'm not the type to be seen
TV,Billie Eilish,sad,english,I don't wanna talk right now / I just wanna watch TV
Kill Bill,SZA,angry,english,I might kill my ex / Not the best idea / His new girlfriend's next
Starboy,The Weeknd,excited,english,I'm a motherfuckin' starboy / Look what you've done
Escapism.,RAYE,sad,english,I don't wanna feel a thing anymore / I'm tired of crying
i hate u i love u,gnash,confused,english,"I hate you, I love you / I hate that I love you"
Lookalike,Conan Gray,sad,english,She looks just like you / But she'll never be you
Cornerstone,Arctic Monkeys,love,english,I thought I saw you in the Battleship / But it was only a look-a-like
august,Taylor Swift,nostalgic,english,But I can see us lost in the memory / August slipped away
bad idea right?,Olivia Rodrigo,confused,english,And I told my friends I was asleep / But I never said where
get him back!,Olivia Rodrigo,angry,english,I wanna get him back / I wanna make him really jealous
vampire,Olivia Rodrigo,angry,english,"Bloodsucker, fame fucker / Bleedin' me dry"
End of Beginning,DJO,happy,english,And now I'm back to where it all began / Back to where I started
Ek Ajnabee Haseena Se,Kishore Kumar,love,bollywood,"एक अजनबी हसीना से, यूँ मुलाकात हो गई"
Main Pal Do Pal Ka Shair Hoon,Mukesh,sad,bollywood,मैं पल दो पल का शायर हूँ / पल दो पल मेरी कहानी है
Pal Pal Dil Ke Paas,Kishore Kumar,love,bollywood,पल पल दिल के पास तुम रहती हो / मैं हर पल यह सोचता हूँ
Meri Bheegi Bheegi Si,Kishore Kumar,love,bollywood,मेरी भीगी भीगी सी पलकों पे / कोई रेहता है
Kahin Door Jab Din Dhal Jaye,Mukesh,love,bollywood,कहीं दूर जब दिन ढल जाए / सांझ की दुल्हन बन के आए
Chhu Kar Mere Manko,Kishore Kumar,love,bollywood,छू कर मेरे मन को किया तूने क्या इशारा
Yeh Sham Mastani,Kishore Kumar,calm,bollywood,ये शाम मस्तानी मदहोश करे / प्याला भरके पिला दे कोई
Kisi Ki Muskurahaton Pe,Mukesh,happy,bollywood,किसी की मुस्कुराहटों पे हो निसार
Pehla Pyaar,Armaan Malik,love,bollywood,"पहला प्यार है, आखिरी है / ये जान ले या जान दे"
Tujhe Kitna Chahne Lage,Arijit Singh,love,bollywood,तुझे कितना चाहने लगे हम / ये खुदा जाने बस खुदा जाने
Dil Mein Ho Tum,Armaan Malik,love,bollywood,"दिल में हो तुम, जान में हो तुम / हर धड़कन में हो तुम"
O Saathi,Atif Aslam,love,bollywood,"ओ साथी, बता कैसे जियूं बिना तेरे"
Bol Do Na Zara,Armaan Malik,love,bollywood,"बोल दो ना ज़रा, बोल दो ना / ये दिल तुमसे कहना चाहता है"
Satranga,Arijit Singh,love,bollywood,"सत्रंगा रंगीला, ये इश्क़ है अनोखा"
Kaur Tujhe,Armaan Malik,love,bollywood,"कौर तुझे, प्यास तुझे / हर दम चाहूं तुझे"
Hasi - Male Version,Ami Mishra,love,bollywood,"हँसी तेरी, खुशबू तेरी / हर जगह महके जैसे"
Chale Aana,Amaal Malik,love,bollywood,"चले आना, ना जाना / दिल में समा जाना"
Thodi Jagah,Arijit Singh,love,bollywood,थोड़ी सी जगह दे दे / दिल में समा जाने दे
Mere Mehboob Qayamat Hogi,Kishore Kumar,love,bollywood,मेरे महबूब कयामत होगी / आज रस्मे वफा निभानी होगी
Tum Agar Saath Dene Ka Vada,Mahendra Kapoor,love,bollywood,तुम अगर साथ देने का वादा करो
Roop Tera Mastana,Kishore Kumar,love,bollywood,"रूप तेरा मस्ताना, प्यार मेरा दीवाना"
Ae Mere Humsafar,Alka Yagnik,love,bollywood,"ए मेरे हमसफ़र, ए मेरे हमनशीं"
Chalte Chalte Pt. 1,Kishore Kumar,happy,bollywood,चलते चलते मेरे ये फ़िसल गए
Pyar Manga Hai Tumhi Se,Kishore Kumar,love,bollywood,प्यार माँगा है तुम्हीं से / ना माँगूं किसी और से
Ek Ladki Bheegi Bhagi Si,Kishore Kumar,love,bollywood,एक लड़की भीगी भागी सी / चुपके चुपके आयी थी
Musafir Hoon Yaron,Kishore Kumar,happy,bollywood,मुसाफ़िर हूं यारों / ना घर है ना ठिकाना
Mera Jeevan Kora Kagaz,Kishore Kumar,sad,bollywood,मेरा जीवन कोरा कागज़ / कोई भी लेखा कोई भी रेखा
Mere Samnewali Khidki Mein,Kishore Kumar,love,bollywood,मेरे सामनेवाली खिड़की में / कोई रहता है महबूब वही
Kabhi Kabhi Mere Dil Mein,Mukesh,love,bollywood,कभी कभी मेरे दिल में / ख्याल आता है
Yeh Raaten Yeh Mausam,Kishore Kumar,love,bollywood,ये रातें ये मौसम / ये हंसी ये आँसू
Zindagi Ki Yahi Reet Hai,Kishore Kumar,neutral,bollywood,ज़िंदगी की यही रीत है / हार के बाद ही जीत है
Aanewala Pal Janewala Hai,Kishore Kumar,happy,bollywood,आनेवाला पल जानेवाला है / हो सके तो इसे मुस्कुरा के गुज़ारो
Jab Tak,Armaan Malik,love,bollywood,"जब तक है सांसें, जब तक है धड़कन"
Ishq,Faheem Abdullah,love,bollywood,"इश्क़ है, इश्क़ है / ये दिल में छुपा के रखना"
Sab Tera,Armaan Malik,love,bollywood,"सब तेरा, हूं मैं तेरा / तू है मेरा सहारा"
Main Rahoon Ya Na Rahoon,Amaal Mallik,love,bollywood,मैं रहूं या ना रहूं / तुझे प्यार दूंगा
Dil Ibaadat,Pritam,love,bollywood,दिल इबादत कर रहा है / तेरे हुस्न की जल्वागरी की
Besabriyaan,Armaan Malik,love,bollywood,"बेसब्रियां, बेकरारियां / दिल की ये अधूरी कहानियां"
Aasan Nahin Yahan,Arijit Singh,sad,bollywood,आसान नहीं यहां / जीना हमारा आसान नहीं
Yaare Yaare,Armaan Malik,love,bollywood,"यारे यारे, ओ मेरे यारे / तू है दिल का करीब"
Ranjha,Jasleen Royal,love,bollywood,रांझा रांझा करती हूं / मैं अपने आप को रांझा कहती हूं
Kuch To Hai,Armaan Malik,love,bollywood,"कुछ तो है, तुझमें ऐ दिलरुबा"
Shayad,Pritam,love,bollywood,"शायद, शायद / तुझसे ही प्यार हो गया"
Barsaat,Armaan Malik,happy,bollywood,बरसात की बूंदों सा / ये दिल है मेरा भीगा भीगा
Tere Sang Yaara,Atif Aslam,love,bollywood,"तेरे संग यारा, हुआ बेकरारा / दिल मेरा हो गया है दीवाना"
Mujhko Barsaat Bana Lo,Armaan Malik,love,bollywood,मुझको बरसात बना लो / तुम्हारे प्यार में भीग जाऊं
Sang Rahiyo,Jasleen Royal,love,bollywood,"संग रहियो, हमेशा संग रहियो / ये दिल तुम्हें पुकारे"
Hua Hain Aaj Pehli Baar,Amaal Malik,love,bollywood,हुआ है आज पहली बार / दिल को किसी पे यूं प्यार
Pal Pal Dil Ke Paas - Title Track,Arijit Singh,love,bollywood,पल पल दिल के पास तुम रहती हो / मैं हर पल यह सोचता हूँ
Wajah Tum Ho,Armaan Malik,love,bollywood,"वजह तुम हो, मेरी हर खुशी की वजह तुम हो"
Tere Bina,A.R. Rahman,love,bollywood,"तेरे बिना, तेरे बिना / जीना ये जीना नहीं"
Buttabomma,Thaman S,love,bollywood,Buttabomma butta bomma / Nuvvu naaku naa prema
Tu Hi Haqeeqat,Pritam,love,bollywood,"तू ही हकीकत, तू ही ख्वाब है"
Naina,Sona Mohapatra,love,bollywood,"नैना नैना, तेरे बिना / जीना ये जीना नहीं"
Hawayein,Pritam,love,bollywood,"हवाएं हवाएं, लेके आयेंगी / तेरी मेरी कहानियां"
Pehla Nasha 2.0,Amaal Mallik,love,bollywood,"पहला नशा है, पहला खुमार है"
Kesariya,Pritam,love,bollywood,"केसरिया बालम, तुझे मेरा मन याद करे"
Baari Baari,Armaan Malik,love,bollywood,"बारी बारी, तुझको चाहूं / हर दम बस तुझको चाहूं"
Pehli Dafa,Atif Aslam,love,bollywood,"पहली दफा, दिल का ये हाल है"
Ghar Se Nikalte Hi,Amaal Mallik,love,bollywood,"घर से निकलते ही, तेरा ख्याल आता है"
Raanjhanaa,A.R. Rahman,love,bollywood,"रांझना, ओ मेरे रांझना / तू है तो मैं हूं"
Zaalima,Arijit Singh,love,bollywood,"ज़ारी है, ज़ालिमा / तेरे इश्क़ में हमने क्या क्या नहीं देखा"
Jo Tum Mere Ho,Anuv Jain,love,bollywood,"जो तुम मेरे हो, तो फिर क्या चाहिए"
Hamari Adhuri Kahani,Jeet Gannguli,sad,bollywood,"हमारी अधूरी कहानी, रह जाएगी यूं ही अधूरी"
Sang Rahiyo,Jasleen Royal,love,bollywood,"संग रहियो, हमेशा संग रहियो / ये दिल तुम्हें पुकारे"
Enna Sona,A.R. Rahman,love,bollywood,"एन्ना सोना, एन्ना सोना / तू है जैसे चांदनी"
Shaky,Sanju Rathod,happy,bollywood,"शेकी शेकी, बेबी शेकी / डांस फ्लोर पे आके शेकी"
Milne Hai Mujhse Aayi,Arijit Singh,love,bollywood,"मिलने है मुझसे आयी, वो हसीन ये रातें"
Teri Jhuki Nazar,Pritam,love,bollywood,"तेरी झुकी नज़र, ने मार डाला"
Dil Diyan Gallan,Atif Aslam,love,bollywood,"दिल दियां गल्लां, हो गयियां रातां"
Pal Pal Dil Ke Paas,Arijit Singh,love,bollywood,पल पल दिल के पास तुम रहती हो
Mere Sohneya,Sachet Tandon,love,bollywood,"मेरे सोहनेया, तुझे मेरा दिल दे दिया"
Shayad,Pritam,love,bollywood,"शायद, शायद / तुझसे ही प्यार हो गया"
Subhanallah,Pritam,love,bollywood,"सुभानअल्लाह, तेरा हुस्न सुभानअल्लाह"
Channa Mereya,Pritam,sad,bollywood,"चना मेरेया, चना मेरेया / तेरे बिना ये दिल मेरा रोया"
Hawayein,Pritam,love,bollywood,"हवाएं हवाएं, लेके आयेंगी / तेरी मेरी कहानियां"
Kesariya,Pritam,love,bollywood,"केसरिया बालम, तुझे मेरा मन याद करे"
Tujhe Kitna Chahne Lage,Arijit Singh,love,bollywood,तुझे कितना चाहने लगे हम / ये खुदा जाने बस खुदा जाने
Sahiba,Aditya Rikhari,love,bollywood,"साहिबा, ओ मेरी साहिबा / तू है तो मैं हूं"
Satranga,Arijit Singh,love,bollywood,"सत्रंगा रंगीला, ये इश्क़ है अनोखा"
Aasan Nahin Yahan,Arijit Singh,sad,bollywood,आसान नहीं यहां / जीना हमारा आसान नहीं
Janam Janam,Pritam,love,bollywood,"जनम जनम, तुझसे प्यार हो गया"
Ye Tune Kya Kiya,Pritam,love,bollywood,"ये तूने क्या किया, ऐ दिलरुबा"
Ae Dil Hai Mushkil,Pritam,sad,bollywood,"ऐ दिल है मुश्किल, जीना यहां"
O Saathi,Atif Aslam,love,bollywood,"ओ साथी, बता कैसे जियूं बिना तेरे"
Jaan Hai Meri,Amaal Malik,love,bollywood,"जान है मेरी, तू है मेरी जान"
Tum Jo Aaye,Pritam,love,bollywood,"तुम जो आये, जिंदगी में इतराये"
Zaalima,Arijit Singh,love,bollywood,"ज़ारी है, ज़ालिमा / तेरे इश्क़ में हमने क्या क्या नहीं देखा"
Apna Bana Le,Sachin-Jigar,love,bollywood,"अपना बना ले, ओ मेरे सनम"
Tu / You,Armaan Malik,love,bollywood,"तू, बस तू / हर धड़कन में तू"
O Maahi,Pritam,love,bollywood,"ओ माही, ओ माही / तू है तो मैं हूं"
Second Hand Jawaani,Pritam,happy,bollywood,"सेकेंड हैंड जवानी, लेके आयी दीवानी"
Tu Mera Hero,Pritam,happy,bollywood,"तू मेरा हीरो, मैं तेरी हीरोइन"
Chinta Ta Ta Chita Chita,Sajid-Wajid,happy,bollywood,चिंता ता ता चीता चीता / दिमाग की घड़ी की टिक टिक
Fugly,Yo Yo Honey Singh,happy,bollywood,"फगली, फगली / हर कोई बोले फगली"
Aao Kabhi Haveli Pe,Badshah,happy,bollywood,"आओ कभी हवेली पे, पार्टी करेंगे"
Bandook Meri Laila,Ash King,happy,bollywood,"बंदूक मेरी लैला, फायर करे"
Laal Bindi,Akull,happy,bollywood,"लाल बिंदी, तेरी लाल बिंदी"
Daru Desi,Pritam,happy,bollywood,"दारू देसी, और रक़म भी देसी"
Locha-E-Ulfat,Benny Dayal,happy,bollywood,"लोचा-ए-उल्फत, ये दिल का है हाल"
Do U Know,Shaan,love,bollywood,"डू यू नो, हाउ मच आई लव यू"
Right Now Now,Wajid,happy,bollywood,"राइट नाउ नाउ, लेट्स डांस नाउ नाउ"
Aadat Se Majboor,Salim–Sulaiman,happy,bollywood,"आदत से मजबूर, ये दिल मेरा"
Palat - Tera Hero Idhar Hai,Arijit Singh,happy,bollywood,"पलट, तेरा हीरो इधर है"
Aapka Kya Hoga (Dhanno),Mika Singh,happy,bollywood,आपका क्या होगा धन्नो
Oh Girl You're Mine,Tarun Sagar,love,bollywood,ओह गर्ल यू आर माइन
Aa Toh Sahi,Meet Bros.,happy,bollywood,"आ तो सही, पार्टी में आ तो सही"
Dance Basanti,Sachin-Jigar,happy,bollywood,"डांस बसंती, ओये बसंती"
Galat Baat Hai,Neeti Mohan,love,bollywood,"गलत बात है, प्यार करना गलत बात है"
Pappu Can't Dance,Benny Dayal,excited,bollywood,"पप्पू कैन्ट डांस, साला डांस नहीं आता"
Luv Letter,Meet Bros.,love,bollywood,"लव लेटर, लव लेटर"
Sawan Aaya Hai,Arijit Singh,calm,bollywood,"सावन आया है, झूम के आया है"
Blue Eyes,Yo Yo Honey Singh,excited,bollywood,"ब्लू आईज, ब्यूटीफुल ब्लू आईज"
"Bandeya - From ""Dil Juunglee""",Shaarib Toshi,sad,bollywood,"बंदेया, ओ मेरे बंदेया"
Raataan Lambiyan,Tanishk Bagchi,love,bollywood,"रातां लम्बियां, सोना नहीं आंदा"
One Love,Shubh,excited,bollywood,"वन लव, वन लव / तेरे लिए मेरा प्यार"
Paro,Aditya Rikhari,love,bollywood,"पारो, ओ पारो / तू है तो मैं हूं"
Soch Na Sake,Amaal Mallik,love,bollywood,"सोच ना सके, दिल ये मेरा"
Dekhha Tenu,Mohammad Faiz,love,bollywood,"देखा तेनू, हो गया दीवाना"
Baatein Ye Kabhi Na - Male,Jeet Gannguli,love,bollywood,"बातें ये कभी ना, होंगी पुरानी"
Teri Deewani,Kailash Kher,love,bollywood,"तेरी दीवानी, हूं मैं तेरी दीवानी"
Muskurane - Romantic,Jeet Gannguli,love,bollywood,"मुस्कुराने, तुझे देख के मुस्कुराने"
Khuda Jaane,Vishal-Shekhar,love,bollywood,"खुदा जाने, क्या होगा इसका अंजाम"
Mareez - E - Ishq,Shaarib Toshi,love,bollywood,"मरीज़-ए-इश्क़, हूं मैं मरीज़-ए-इश्क़"
Khamoshiyan,Jeet Gannguli,calm,bollywood,"खामोशियां, बोलती हैं खामोशियां"
Tere Sang Yaara,Atif Aslam,love,bollywood,"तेरे संग यारा, हुआ बेकरारा"
Mann Mera,Gajendra Verma,love,bollywood,"मन मेरा, तुझे ढूंढता है"
Criminal,Vishal-Shekhar,happy,bollywood,"क्रिमिनल, यू आर माय क्रिमिनल"
Jeene Ke Hain Chaar Din,Sonu Nigam,happy,bollywood,"जीने के हैं चार दिन, ऐसे में क्यों गम"
Ganpat,Mika Singh,happy,bollywood,"गणपत, बप्पा मोरया"
Tu Mere Agal Bagal Hai,Mika Singh,happy,bollywood,"तू मेरे अगल बगल है, मैं तेरे अगल बगल"
Saree Ke Fall Sa,Nakash Aziz,happy,bollywood,"साड़ी के फॉल सा, तेरा चलना"
Chokra Jawaan,Amit Trivedi,happy,bollywood,"चोकरा जवान, ओये चोकरा जवान"
Chikni Chameli,Ajay-Atul,happy,bollywood,"चिकनी चमेली, ओये चिकनी चमेली"
Subha Hone Na De,Pritam,happy,bollywood,"सुबह होने ना दे, रात और लम्बी कर दे"
Dard - E - Disco,Vishal-Shekhar,happy,bollywood,"दर्द-ए-डिस्को, ओये दर्द-ए-डिस्को"
Aa Re Pritam Pyaare,Sajid-Wajid,happy,bollywood,"आ रे प्रीतम प्यारे, नाच जरा"
Madhubala,Sohai Sen,happy,bollywood,"मधुबाला, ओये मधुबाला"
Jalebi Bai,Ritu Pathak,happy,bollywood,"जलेबी बाई, जलेबी बाई"
Naah Goriye,B Praak,happy,bollywood,"नाह गोरिए, तू ना कर इनकार"
Touch Me,Pritam,happy,bollywood,"टच मी, टच मी"
Thug Le,Salim-Sulaiman,happy,bollywood,"ठग ले, ठग ले"
Desi Girl,Vishal-Shekhar,excited,bollywood,"देसी गर्ल, देसी गर्ल"
Do U Wanna Partner,Wajid,excited,bollywood,"डू यू वन्ना पार्टनर, कम ऑन एंड डांस विद मी"
Rani Tu Mein Raja,Mika Singh,excited,bollywood,"रानी तू मैं राजा, मिलके बनाएं मस्ती"
Anarkali Disco Chali,Mamta Sharma,excited,bollywood,"अनारकली डिस्को चली, ओये अनारकली डिस्को चली"
Pinky,Mamta Sharma,excited,bollywood,"पिंकी, पिंकी"
Dil Garden Garden Ho Gaya,Sachin-Jigar,happy,bollywood,"दिल गार्डन गार्डन हो गया, तेरे देखते ही"
G Phaad Ke,Sachin-Jigar,happy,bollywood,"जी फाड़ के, पार्टी करेंगे"
Dhating Naach,Pritam,excited,bollywood,"ढाटिंग नाच, ढाटिंग नाच"
Zor Ka Jhatka,Pritam,happy,bollywood,"जोर का झटका, लगा के झटका"
Tamma Tamma Again,Bappi Lahiri,excited,bollywood,"तम्मा तम्मा again, तम्मा तम्मा again"
Gandi Baat,Pritam,excited,bollywood,"गंदी बात, गंदी बात"
Paisa,Manak-E,excited,bollywood,"पैसा, पैसा"
Chalti Hai Kya 9 Se 12,Dev Negi,excited,bollywood,"चलती है क्या 9 से 12, पार्टी चलती रहे"
Character Dheela,Pritam,excited,bollywood,"चरित्र ढीला, ढीला ढीला"
Pungi,Pritam,excited,bollywood,"पुंगी, पुंगी"
Babaji Ki Booti,Sachin-Jigar,excited,bollywood,"बाबाजी की बूटी, बाबाजी की बूटी"
Tai Tai Phis,Amit Trivedi,excited,bollywood,"टाई टाई फिस, टाई टाई फिस"
Laila Laila,Amit Trivedi,excited,bollywood,"लैला लैला, ओये लैला लैला"
Papa Toh Band Bajaye,Neeraj Shridhar,excited,bollywood,"पापा तोह बैंड बजाये, पार्टी कराये"
Switty Tera Pyaar Chaida,Ram Sampath,excited,bollywood,"स्विट्टी तेरा प्यार चैदा, ओये स्विट्टी तेरा प्यार चैदा"
Birju,Udit Narayan,excited,bollywood,"बिरजू, बिरजू"
Beat Pe Booty,Kanika Kapoor,excited,bollywood,"बीट पे बूटी, बीट पे बूटी"
Johnny Johnny,Jigar,excited,bollywood,"जॉनी जॉनी, येस पापा"
Mauja Hi Mauja,Pritam,excited,bollywood,"मौजा ही मौजा, मस्ती ही मस्ती"
Beedi,Vishal Bhardwaj,excited,bollywood,"बीड़ी, बीड़ी"
Sheila Ki Jawani,Vishal-Shekhar,excited,bollywood,"शीला की जवानी, शीला की जवानी"
Kukkad,Vishal-Shekhar,excited,bollywood,"कुक्कड़, कुक्कड़"
Punjabi Wedding Song,Vishal-Shekhar,excited,bollywood,"पंजाबी वेडिंग सॉन्ग, ढोल बजे"
Shanivaar Raati,Arijit Singh,happy,bollywood,"शनिवार राती, शनिवार राती"
Dhadhang Dhang,Sajid-Wajid,excited,bollywood,"ढाधंग ढंग, ढाधंग ढंग"
Gori Gori Gori Gori,Anu Malik,excited,bollywood,"गोरी गोरी गोरी गोरी, तेरी चोटी में लगे मोरी"
Sweety Tera Drama,Pawni Pandey,excited,bollywood,"स्वीटी तेरा ड्रामा, स्वीटी तेरा ड्रामा"
If the World Was Ending,JP Saxe,sad,english,"If the world was ending / You'd come over, right?"
Tell Me Something,Charlie Bennett,love,english,Tell me something I don't know / Tell me something sweet
Can't Help Falling in Love,Christian Leave,love,english,Wise men say / Only fools rush in
we fell in love in october,girl in red,love,english,"We fell in love in October / That's why, I love fall"
Love Grows (Where My Rosemary Goes),Edison Lighthouse,love,english,She ain't got no money / Her clothes are kinda funny
It's Been a Long Long Time,Harry James,happy,english,"It's been a long, long time / Since I've held you"
Thinking out Loud,Ed Sheeran,love,english,When your legs don't work like they used to before
With you,Jimin,love,english,"With you, with you, with you / I'm always with you"
Jhoom Barabar Jhoom,Shankar-Ehsaan-Loy,happy,bollywood,"झूम बराबर झूम, झूम बराबर झूम"
High Heels Te Nachche,Meet Bros.,happy,bollywood,"हाई हील्स ते नच्चे, हाई हील्स ते नच्चे"
Besharmi Ki Height,Benny Dayal,happy,bollywood,"बेशर्मी की height, बेशर्मी की height"
Saturday Saturday,Shaarib Toshi,happy,bollywood,"सैटरडे सैटरडे, सैटरडे सैटरडे"
Tukur Tukur,Pritam,happy,bollywood,"टुकुर टुकुर, टुकुर टुकुर"
Thumkeshwari,Sachin-Jigar,happy,bollywood,"ठुमकेश्वरी, ठुमकेश्वरी"
Halkat Jawani,Salim-Sulaiman,happy,bollywood,"हल्कट जवानी, हल्कट जवानी"
Gulaabo,Amit Trivedi,happy,bollywood,"गुलाबो, गुलाबो"
Drama Queen,Vishal-Shekhar,happy,bollywood,"ड्रामा क्वीन, ड्रामा क्वीन"
Aga Bai,Shalmali Kholgade,happy,bollywood,"आगा बाई, आगा बाई"
Do Dhaari Talwaar,Sohai Sen,happy,bollywood,"दो धारी तलवार, दो धारी तलवार"
Dupatta Tera Nau Rang Da,Sonu Nigam,happy,bollywood,"दुपट्टा तेरा नौ रंग दा, दुपट्टा तेरा नौ रंग दा"
Sajna Ji Vaari Vaari,Vishal-Shekhar,happy,bollywood,"सजना जी वारी वारी, सजना जी वारी वारी"
Slow Motion Angreza,Shankar-Ehsaan-Loy,happy,bollywood,"स्लो मोशन अंग्रेजा, स्लो मोशन अंग्रेजा"
Caller Tune,Neeti Mohan,happy,bollywood,"कॉलर ट्यून, कॉलर ट्यून"
Nachange Saari Raat,Neeraj Shridhar,happy,bollywood,"नाचंगे सारी रात, नाचंगे सारी रात"
Chhote Chhote Peg,Yo Yo Honey Singh,happy,bollywood,"छोटे छोटे पेग, छोटे छोटे पेग"
I Hate Luv Storys,Vishal-Shekhar,happy,bollywood,"आई हेट लव स्टोरीज, आई हेट लव स्टोरीज"
Urvashi,Yo Yo Honey Singh,happy,bollywood,"उर्वशी, उर्वशी"
Mere Bina,Pritam,love,bollywood,"मेरे बिना, तुझे कैसे रहना"
Tere Liye,Atif Aslam,love,bollywood,"तेरे लिए, हम हैं जिए"
O Meri Laila,Atif Aslam,love,bollywood,"ओ मेरी लैला, ओ मेरी लैला"
Jeena Jeena,Sachin-Jigar,love,bollywood,"जीना जीना, तेरे बिना अधूरा"
Tum Mile,Pritam,love,bollywood,"तुम मिले, तो लगा"
Soniyo,Raju Singh,love,bollywood,"सोनियो, सोनियो"
Tere Mast Mast Do Nain,Rahat Fateh Ali Khan,love,bollywood,"तेरे मस्त मस्त दो नैन, कर दे दीवाना"
Aaj Se Teri,Amit Trivedi,love,bollywood,"आज से तेरी, हर दुआ में"
Sedona,Sir Chloe,happy,english,"I'm not a child, I'm just a kid"
End of Beginning,DJO,happy,english,And now I'm back to where it all began
Spring Snow,10CM,happy,english,Spring snow falls / Like a dream
Iris,The Goo Goo Dolls,love,english,And I'd give up forever to touch you
Yellow,Coldplay,love,english,Look at the stars / Look how they shine
Sure Thing,Miguel,love,english,Even when the sky comes falling
Perfect,One Direction,love,english,If you like cameras flashing every time
Strawberries & Cigarettes,Troye Sivan,love,english,Strawberries and cigarettes / Always taste
Pretty Boy,The Neighbourhood,love,english,I'm just a pretty boy / In a pretty world
Meteor Shower,Cavetown,calm,english,I'm carving out a room for you
17,Pink Sweat$,love,english,I'm only seventeen / I don't know anything
Lover,Taylor Swift,love,english,We could leave the Christmas lights up 'til January
Style,Taylor Swift,love,english,Midnight / You come and pick me up
UNDERSTAND,keshi,love,english,I don't understand / How you got me
Line Without a Hook,Ricky Montgomery,love,english,I don't really give a damn about the things
Right Side of My Neck,Faye Webster,love,english,I like the right side of my neck
Fantasy,Mariah Carey,love,english,"Oh, when you walk by every night"
Love Is an Open Door,Kristen Bell,love,english,We're not saying we're in love
My Universe,Coldplay,love,english,"You (you), you are (you are)"
free love,HONNE,love,english,I just wanna be with you
loving you is so easy,HONNE,love,english,Loving you is so easy / It comes naturally
Until I Found You,Stephen Sanchez,love,english,I would never fall in love again
Melting,Kali Uchis,love,english,I'm melting / Like ice cream
You Belong With Me,Taylor Swift,love,english,You belong with me / Not with her
Make You Mine,PUBLIC,love,english,I wanna make you mine / I wanna hold
I Wanna Be Yours,Arctic Monkeys,love,english,I wanna be your vacuum cleaner
Sweet,Cigarettes After Sex,love,english,You're the only one / That I want
Baarish,Shashaa Tirupati,love,bollywood,"बारिश, बारिश"
Tum Se Hi,Pritam,love,bollywood,"तुम से ही, तुम से ही"
Rang Jo Lagyo,Atif Aslam,love,bollywood,"रंग जो लग्यो, रंग जो लग्यो"
Mehrama,Pritam,love,bollywood,"मेहरमा, मेहरमा"
Tum Kya Mile,Pritam,love,bollywood,"तुम क्या मिले, तुम क्या मिले"
Maiyya,Sachet-Parampara,love,bollywood,"मैय्या, मैय्या"
Jag Ghoomeya,Vishal-Shekhar,love,bollywood,"जग घूमया, जग घूमया"
Nazar Na Lag Jaaye,Ash King,love,bollywood,"नज़र ना लग जाए, तेरे हुस्न को"
Khoobsurat,Sachin-Jigar,love,bollywood,"खूबसूरत, खूबसूरत"
Bolna,Tanishk Bagchi,love,bollywood,"बोलना, बोलना"
Dekhte Dekhte,Atif Aslam,love,bollywood,"देखते देखते, हो गया प्यार"
Nazm Nazm,Arko,love,bollywood,"नज़्म नज़्म, नज़्म नज़्म"
Paniyon Sa,Rochak Kohli,love,bollywood,"पानियों सा, पानियों सा"
Jab Tu Sajan,Rochak Kohli,love,bollywood,"जब तू सजन, जब तू सजन"
Zamaan Lage,Pritam,love,bollywood,"ज़माने लगे, ज़माने लगे"
Hum Nashe Mein Toh Nahin,Pritam,love,bollywood,"हम नशे में तो नहीं, पर तेरे प्यार में"
Dil Se Dil Tak,Akashdeep Sengupta,love,bollywood,"दिल से दिल तक, दिल से दिल तक"
Bewajah,Himesh Reshammiya,love,bollywood,"बेवजह, बेवजह"
Chashni,Vishal-Shekhar,love,bollywood,"चाशनी, चाशनी"
Toota Jo Kabhi Tara,Sumedha Karmahe,sad,bollywood,"टूटा जो कभी तारा, टूटा जो कभी तारा"
Aabaad Barbaad,Pritam,sad,bollywood,"आबाद बर्बाद, आबाद बर्बाद"
Dhun,Mithoon,happy,bollywood,"धुन, धुन"
Tumhare Hi Rahenge Hum,Sachin-Jigar,love,bollywood,"तुम्हारे ही रहेंगे हम, तुम्हारे ही रहेंगे हम"
Dhoonde Akhiyaan,Yasser Desai,love,bollywood,"ढूंढे आंखियां, ढूंढे आंखियां"
Ve Maahi,Arijit Singh,love,bollywood,"वे माही, वे माही"
Tu Hain Toh,Bunny,love,bollywood,"तू है तो, तू है तो"
Qaafirana,Amit Trivedi,love,bollywood,"काफिराना, काफिराना"
Darkhaast,Mithoon,love,bollywood,"दरख्वास्त, दरख्वास्त"
Hua Main,Raghav Chaitanya,love,bollywood,"हुआ मैं, हुआ मैं"
Tera Fitoor,Arijit Singh,love,bollywood,"तेरा फितूर, तेरा फितूर"
Maiyya Mainu,Sachet Tandon,love,bollywood,"मैय्या मैनू, मैय्या मैनू"
Tu Hi Yaar Mera,Rochak Kohli,love,bollywood,"तू ही यार मेरा, तू ही यार मेरा"
Rait Zara Si,A.R. Rahman,love,bollywood,"रेत ज़रा सी, रेत ज़रा सी"
Tum Se,Sachin-Jigar,love,bollywood,"तुम से, तुम से"
Naseeb Se,Payal Dev,love,bollywood,"नसीब से, नसीब से"
Agar Ho Tum,Tanishk Bagchi,love,bollywood,"अगर हो तुम, अगर हो तुम"
Tainu Khabar Nahi,Sachin-Jigar,love,bollywood,"तैनू खबर नहीं, तैनू खबर नहीं"
Kasturi,Arijit Singh,love,bollywood,"कस्तूरी, कस्तूरी"
Atak Gaya,Amit Trivedi,love,bollywood,"अटक गया, अटक गया"
Tera Ban Jaunga,Akhil Sachdeva,love,bollywood,"तेरा बन जाऊंगा, तेरा बन जाऊंगा"
Dhadak,Ajay Gogavale,love,bollywood,"धड़क, धड़क"
Phir Aur Kya Chahiye,Sachin-Jigar,love,bollywood,"फिर और क्या चाहिए, तू है तो"
Humsafar,Akhil Sachdeva,love,bollywood,"हमसफ़र, हमसफ़र"
Koi Naa,Tanishk Bagchi,love,bollywood,"कोई ना, कोई ना"
Lae Dooba,Sunidhi Chauhan,love,bollywood,"ले डूबा, ले डूबा"
Jugraafiya,Udit Narayan,happy,bollywood,"जुगराफिया, जुगराफिया"
Haan Ke Haan,Sohail Sen,love,bollywood,"हां के हां, हां के हां"
Woh Aankh Hi Kya,Kumar Sanu,sad,bollywood,"वो आंख ही क्या, जो चुरा न सके"
Dil Kehta Hai,Kumar Sanu,love,bollywood,"दिल कहता है, रुक जा रुक जा"
Jab Kisiki Taraf Dil,Jatin-Lalit,love,bollywood,"जब किसी की तरफ दिल, हो जाए आशिक़"
O Priya Priya,Anuradha Paudwal,love,bollywood,"ओ प्रिया प्रिया, ओ प्रिया प्रिया"
Nahin Yeh Ho Nahin Sakta,Kumar Sanu,sad,bollywood,"नहीं ये हो नहीं सकता, तू ना रहे"
Dil Cheer Ke Dekh,Kumar Sanu,sad,bollywood,"दिल चीर के देख, तू जानेगी"
Meri Wafayen Yaad Karoge,Kumar Sanu,sad,bollywood,"मेरी वफाएं याद करोगे, एक दिन तुम"
Mujhse Juda Hokar,Lata Mangeshkar,sad,bollywood,"मुझसे जुदा होकर, तू कहां जाएगा"
Kaash Kahin Aisa Hota,Kumar Sanu,sad,bollywood,"काश कहीं ऐसा होता, तू भी मुझसे प्यार करती"
Khata Toh Jab Ho,Alka Yagnik,sad,bollywood,"खता तो जब हो, माफ़ कर दो"
Pehle Pyaar Ka Pehla,Kavita Krishnamurthy,love,bollywood,"पहले प्यार का पहला, पहला खत"
Dil Deta Hai Ro Ro Duhai,Alka Yagnik,sad,bollywood,"दिल देता है रो रो दुहाई, पर कोई सुनता नहीं"
Achchha Sila Diya Toone Mere,Sonu Nigam,sad,bollywood,"अच्छा सिला दिया तूने मेरे, प्यार का"
Yaad Teri Aati Hai,Kumar Sanu,sad,bollywood,"याद तेरी आती है, रुला जाती है"
Zamane Ke Dekhein Hain Rang,Anuradha Paudwal,sad,bollywood,"ज़माने के देखे हैं रंग, कभी हंसाया कभी रुलाया"
Tu Na Jaa Mere Baadshah,Alka Yagnik,sad,bollywood,"तू ना जा मेरे बादशाह, छोड़ कर मुझे"
Jeeye to Jeeye Kaise,Kumar Sanu,sad,bollywood,"जिएं तो जिएं कैसे, बिना तेरे"
Tu Pyar Hai Kisi Aur Ka,Anuradha Paudwal,sad,bollywood,"तू प्यार है किसी और का, मुझसे ना हो पाएगा"
Tere Dard Se Dil,Kumar Sanu,sad,bollywood,"तेरे दर्द से दिल, भर गया है"
Jeeta Tha Jiske Liye,Kumar Sanu,sad,bollywood,"जीता था जिसके लिए, वो ही छोड़ गया"
Ab Tere Bin,Kumar Sanu,sad,bollywood,"अब तेरे बिन, जीना मुश्किल है"
Tujhe Yaad Na Meri Aayee,Jatin-Lalit,sad,bollywood,"तुझे याद ना मेरी आयी, मैं भुला दिया गया"
Pardesi Pardesi,Udit Narayan,sad,bollywood,"परदेसी परदेसी, जाना नहीं"
Woh Meri Neend Mera Chain,Sadhana Sargam,sad,bollywood,"वो मेरी नींद मेरा चैन, ले गया"
Ishq Mein Hum Tumhein Kya,Sonu Nigam,sad,bollywood,"इश्क़ में हम तुम्हें क्या, बताएं"
Hum Na Samjhe The,S. P. Balasubrahmanyam,sad,bollywood,"हम ना समझे थे, प्यार की कीमत"
Are Re Are (Part-2),Uttam Singh,sad,bollywood,"अरे रे अरे, ये क्या हो गया"
Dil Mera Churaya Kyun,Kumar Sanu,sad,bollywood,"दिल मेरा चुराया क्यों, बेवफा हो के"
Yara Seeli Seeli,Lata Mangeshkar,sad,bollywood,"यारा सीली सीली, बरसात आयी"
Kuchh Na Kaho - Sad,Lata Mangeshkar,sad,bollywood,"कुछ ना कहो, चुप रहो"
Dheere Dheere Hausla,Alka Yagnik,sad,bollywood,"धीरे धीरे हौसला, टूट रहा है"
Hum Dil De Chuke Sanam,Kavita Krishnamurthy,sad,bollywood,"हम दिल दे चुके सनम, तुझपे"
Yeh Raat Khushnaseeb Hai,Lata Mangeshkar,love,bollywood,"ये रात खुशनसीब है, तुझे पाकर"
Ae Ajnabi,Udit Narayan,sad,bollywood,"ए अजनबी, तूने दिल तोड़ा"
Nahin Saamne Tu,Hariharan,sad,bollywood,"नहीं सामने तू, छुप गया"
Tujhe Pyar Karte Karte - Female,Alka Yagnik,sad,bollywood,"तुझे प्यार करते करते, हम मर गए"
Pyar Ke Liye,Jatin-Lalit,love,bollywood,"प्यार के लिए, जिया करते थे"
Tune Zamane Ye Kya Kar Diya,Anuradha Paudwal,sad,bollywood,"तूने ज़माने ये क्या कर दिया, मुझे बदनाम कर दिया"
Chithi Na Koi Sandesh,Jagjit Singh,sad,bollywood,"चिठ्ठी ना कोई संदेश, आता है"
Gali Mein Chand - Sad,Alka Yagnik,sad,bollywood,"गली में चाँद, निकला था"
Woh To Hai Albela,Jatin-Lalit,sad,bollywood,"वो तो है अलबेला, पागल सा"
Do Baatein Ho Sakti Hai,Kumar Sanu,sad,bollywood,"दो बातें हो सकती हैं, तू मान जाए"
Dil Hoom Hoom Kare - Female,Bhupen Hazarika,sad,bollywood,"दिल हूम हूम करे, तेरी याद में"
Chhupana Bhi Nahin Aata,Vinod Rathod,sad,bollywood,"छुपाना भी नहीं आता, दर्द दिल का"
Apna Bana Le,Sachin-Jigar,love,bollywood,"अपना बना ले, ओ मेरे सनम"
Dil Jhoom,Tanishk Bagchi,love,bollywood,"दिल झूम, दिल झूम"
Dariya,Arko,love,bollywood,"दरिया, दरिया"
Sajni,Ram Sampath,love,bollywood,"सजनी, सजनी"
Raanjhan,Sachet-Parampara,love,bollywood,"रांझण, रांझण"
Happy,Pharrell Williams,happy,english,"Because I'm happy, clap along if you feel..."
Don't Worry Be Happy,Bobby McFerrin,happy,english,"In every life we have some trouble, but when you worry you make it double..."
Despacito,Luis Fonsi,happy,english,Despacito quiero respirar tu cuello despacito...
Firework,Katy Perry,happy,english,"Baby, you're a firework, come on, let your colors burst..."
Uptown Funk,Mark Ronson,excited,english,"This hit, that ice cold, Michelle Pfeiffer, that white gold..."
